id;created_date;last_modified_date;role
1;2020-09-18T01:24:34;2020-09-17T21:59:56;MEMBER
2;2020-09-18T03:31:07;2020-09-17T23:12:51;ADMIN
3;2020-09-18T04:43:08;2020-09-18T08:55:04;MEMBER
4;2020-09-17T21:08:01;2020-09-18T03:17:24;ADMIN
5;2020-09-17T17:54:58;2020-09-17T20:33:23;MEMBER
6;2020-09-18T05:08:48;2020-09-17T23:39:07;ADMIN
7;2020-09-18T11:52:25;2020-09-18T05:31:49;MEMBER
8;2020-09-18T01:23:20;2020-09-17T19:47:50;MEMBER
9;2020-09-17T21:06:00;2020-09-18T17:27:37;ADMIN
10;2020-09-18T13:35:18;2020-09-18T05:32:59;MEMBER
